id,interest
77,music
204,film/photography
281,business
474,film/photography
296,literature
132,theatre
336,literature
29,literature
76,business
249,film/photography
122,literature
228,music
263,music
330,music
463,business
32,literature
278,theatre
32,music
256,business
310,theatre
240,film/photography
347,mathematics
123,literature
5,business
349,film/photography
470,literature
83,business
333,theatre
304,politics
328,music
18,theatre
12,politics
483,business
259,mathematics
338,film/photography
331,film/photography
308,film/photography
265,business
126,politics
404,theatre
89,film/photography
448,politics
492,theatre
121,literature
133,mathematics
202,literature
169,politics
483,music
160,politics
374,politics
463,film/photography
65,business
353,theatre
438,business
257,mathematics
496,film/photography
366,film/photography
456,literature
105,business
460,music
196,music
41,politics
220,film/photography
460,theatre
22,literature
89,literature
287,business
438,literature
12,literature
390,politics
336,politics
110,literature
197,literature
394,literature
42,literature
433,business
64,mathematics
437,theatre
165,theatre
459,literature
337,mathematics
61,politics
125,business
202,music
486,literature
112,politics
69,mathematics
339,politics
357,business
185,music
492,film/photography
138,business
137,business
477,literature
225,music
56,film/photography
228,mathematics
67,film/photography
307,mathematics
445,business
326,literature
231,literature
5,music
496,music
266,theatre
43,music
411,music
423,business
323,mathematics
381,mathematics
352,theatre
474,literature
131,theatre
51,politics
362,mathematics
57,business
338,business
20,mathematics
449,literature
415,music
362,film/photography
457,business
326,film/photography
179,politics
256,theatre
162,politics
136,literature
209,theatre
37,mathematics
309,mathematics
247,literature
253,music
56,mathematics
201,politics
148,film/photography
115,theatre
495,business
285,business
302,business
112,theatre
478,literature
184,politics
304,literature
475,mathematics
92,politics
251,politics
212,literature
391,film/photography
466,politics
158,literature
237,theatre
30,politics
228,literature
93,literature
271,politics
87,music
60,business
393,theatre
298,business
307,business
447,business
156,politics
65,mathematics
110,business
40,music
342,film/photography
274,literature
195,literature
430,theatre
48,music
126,theatre
37,politics
485,music
480,theatre
465,politics
272,politics
56,literature
155,politics
226,business
145,politics
408,music
338,politics
417,theatre
449,business
55,mathematics
24,mathematics
346,theatre
405,film/photography
172,politics
261,business
205,politics
195,theatre
27,business
192,mathematics
97,mathematics
98,theatre
4,literature
203,politics
154,literature
225,business
330,mathematics
317,politics
187,literature
7,film/photography
286,mathematics
243,music
61,literature
132,film/photography
328,film/photography
341,mathematics
411,politics
136,theatre
72,politics
385,politics
442,literature
251,literature
490,film/photography
342,politics
148,music
314,mathematics
416,theatre
358,business
268,theatre
340,business
412,theatre
497,music
445,theatre
230,literature
113,film/photography
57,film/photography
293,theatre
412,mathematics
77,politics
448,mathematics
182,politics
411,business
31,mathematics
485,film/photography
170,film/photography
489,literature
399,theatre
11,film/photography
290,mathematics
465,film/photography
490,politics
266,music
196,politics
312,film/photography
457,theatre
91,business
180,mathematics
142,politics
375,music
376,theatre
429,music
299,mathematics
461,music
146,business
13,music
167,film/photography
9,film/photography
279,business
39,literature
176,theatre
180,literature
14,theatre
347,theatre
432,mathematics
464,politics
138,film/photography
475,music
40,film/photography
190,theatre
69,music
106,politics
393,film/photography
1,politics
500,business
334,mathematics
153,film/photography
320,mathematics
498,film/photography
219,business
169,film/photography
241,literature
428,politics
426,literature
426,business
133,literature
199,theatre
53,film/photography
316,music
123,film/photography
215,mathematics
142,film/photography
469,mathematics
247,mathematics
352,mathematics
354,theatre
453,mathematics
431,music
166,music
410,business
409,politics
122,mathematics
211,business
30,film/photography
408,business
151,literature
108,music
45,literature
47,mathematics
370,theatre
178,business
488,literature
301,film/photography
410,music
302,theatre
373,literature
135,music
175,theatre
236,music
255,business
379,literature
458,politics
140,politics
175,literature
293,mathematics
85,literature
423,literature
1,music
25,literature
112,literature
107,film/photography
248,mathematics
70,mathematics
108,film/photography
426,mathematics
109,music
345,mathematics
162,film/photography
270,mathematics
103,business
472,theatre
86,politics
282,business
377,music
254,theatre
220,theatre
25,theatre
331,music
257,business
94,theatre
82,literature
425,mathematics
494,music
480,politics
494,mathematics
471,politics
304,film/photography
279,theatre
291,music
170,music
189,music
452,business
482,politics
281,music
220,music
338,mathematics
149,mathematics
391,mathematics
119,politics
403,theatre
65,literature
88,politics
61,theatre
233,theatre
9,mathematics
283,business
131,film/photography
356,politics
91,mathematics
494,literature
359,politics
267,literature
316,theatre
321,politics
489,politics
380,film/photography
462,theatre
455,business
376,business
47,music
92,literature
147,mathematics
487,theatre
128,literature
221,politics
400,business
237,business
384,mathematics
193,film/photography
264,music
301,politics
134,literature
128,politics
299,film/photography
376,literature
85,business
92,theatre
348,literature
155,mathematics
492,mathematics
396,literature
409,business
141,film/photography
159,business
84,theatre
254,politics
205,film/photography
159,mathematics
90,theatre
186,literature
361,literature
90,film/photography
437,business
101,politics
297,theatre
305,politics
431,business
70,film/photography
183,mathematics
31,politics
96,business
62,film/photography
425,theatre
332,mathematics
208,mathematics
38,film/photography
377,theatre
228,politics
48,politics
24,politics
212,business
234,music
312,politics
125,mathematics
420,mathematics
184,theatre
83,literature
457,music
76,music
287,film/photography
98,business
294,politics
23,music
56,politics
118,mathematics
300,music
179,film/photography
27,politics
161,film/photography
211,literature
255,film/photography
283,theatre
416,business
239,business
484,literature
421,music
455,music
186,business
275,politics
387,music
100,literature
98,mathematics
481,literature
431,theatre
424,politics
356,film/photography
86,theatre
274,film/photography
377,business
140,music
78,literature
419,politics
378,business
207,film/photography
93,music
356,literature
373,theatre
110,mathematics
389,literature
96,politics
143,literature
82,politics
407,theatre
39,politics
73,literature
309,film/photography
83,theatre
412,business
48,film/photography
314,literature
472,business
62,music
198,business
371,politics
217,mathematics
280,literature
210,literature
421,theatre
195,film/photography
383,music
363,theatre
269,literature
349,mathematics
198,literature
333,film/photography
354,politics
238,business
473,film/photography
104,film/photography
347,business
336,music
413,mathematics
1,literature
224,politics
371,mathematics
238,literature
340,politics
113,theatre
35,mathematics
496,theatre
363,business
454,literature
23,mathematics
498,theatre
158,business
151,mathematics
370,business
202,mathematics
478,politics
219,film/photography
425,business
166,politics
391,music
138,music
301,business
451,mathematics
474,politics
455,theatre
369,business
189,film/photography
260,music
339,mathematics
213,politics
278,mathematics
141,business
1,film/photography
25,film/photography
267,music
419,literature
251,music
477,politics
427,literature
449,film/photography
379,theatre
106,literature
206,business
20,business
478,theatre
283,mathematics
87,theatre
418,politics
390,film/photography
292,mathematics
342,business
114,theatre
369,film/photography
263,film/photography
263,theatre
188,politics
17,politics
207,business
120,mathematics
178,film/photography
368,film/photography
454,politics
307,politics
89,politics
275,mathematics
157,literature
339,film/photography
94,music
405,mathematics
103,theatre
167,mathematics
242,theatre
319,music
27,literature
168,music
44,business
146,film/photography
96,literature
397,politics
221,music
369,politics
36,mathematics
416,politics
207,theatre
49,politics
115,politics
423,politics
280,theatre
335,politics
456,music
63,literature
36,music
242,film/photography
79,film/photography
319,mathematics
227,politics
443,film/photography
143,politics
85,mathematics
26,literature
377,literature
57,politics
446,business
51,music
67,politics
197,politics
12,theatre
127,literature
8,music
488,music
32,politics
467,politics
79,literature
163,literature
29,film/photography
339,literature
476,theatre
341,theatre
452,mathematics
362,politics
214,film/photography
392,theatre
41,mathematics
16,theatre
331,mathematics
158,film/photography
3,theatre
422,literature
427,business
394,mathematics
318,film/photography
271,theatre
267,business
495,film/photography
385,film/photography
250,film/photography
125,theatre
133,politics
499,film/photography
20,music
48,mathematics
385,mathematics
216,film/photography
81,theatre
448,theatre
164,mathematics
363,mathematics
7,business
466,literature
489,mathematics
437,film/photography
24,theatre
243,theatre
397,music
435,theatre
57,theatre
244,literature
91,film/photography
253,theatre
60,mathematics
81,mathematics
39,theatre
198,film/photography
7,literature
296,business
327,theatre
109,theatre
468,politics
493,music
15,literature
288,film/photography
359,theatre
6,politics
177,film/photography
52,theatre
46,music
320,literature
180,theatre
123,music
67,music
23,theatre
458,theatre
271,music
137,literature
213,music
39,film/photography
487,film/photography
291,business
107,politics
401,mathematics
130,mathematics
443,literature
59,literature
381,music
34,theatre
332,theatre
3,film/photography
58,literature
245,business
281,politics
97,business
486,music
210,politics
162,music
413,literature
499,literature
72,theatre
8,film/photography
345,literature
198,music
383,theatre
119,music
64,music
466,film/photography
305,literature
209,mathematics
466,music
150,film/photography
356,theatre
388,film/photography
182,mathematics
432,politics
71,business
153,business
387,business
164,politics
62,business
475,literature
327,mathematics
227,music
5,theatre
52,business
439,politics
435,literature
160,literature
241,film/photography
405,theatre
230,film/photography
225,mathematics
122,music
476,mathematics
111,business
385,music
99,theatre
201,mathematics
284,politics
95,film/photography
28,film/photography
290,theatre
119,business
439,music
76,mathematics
236,politics
64,business
145,film/photography
14,music
380,politics
246,literature
169,business
470,film/photography
34,politics
2,music
260,literature
413,music
355,mathematics
155,music
118,film/photography
289,mathematics
450,business
33,business
279,literature
292,business
348,film/photography
168,politics
287,politics
139,literature
340,film/photography
325,mathematics
398,mathematics
74,literature
458,mathematics
246,music
82,mathematics
124,music
201,film/photography
292,film/photography
305,theatre
50,mathematics
297,mathematics
245,literature
97,theatre
279,politics
273,mathematics
187,business
395,mathematics
426,theatre
3,business
305,film/photography
105,literature
427,music
263,literature
465,literature
259,business
200,film/photography
355,literature
360,mathematics
183,theatre
54,theatre
344,politics
367,politics
314,politics
311,politics
245,music
216,theatre
2,politics
130,theatre
241,business
33,literature
262,politics
343,politics
490,business
235,literature
124,theatre
45,business
303,literature
86,music
294,business
149,theatre
43,business
317,literature
468,film/photography
396,politics
399,film/photography
330,literature
439,literature
34,film/photography
87,mathematics
3,music
31,business
79,mathematics
238,politics
50,politics
368,business
321,film/photography
165,literature
376,politics
480,literature
103,film/photography
53,mathematics
278,literature
347,music
372,music
93,theatre
276,theatre
497,mathematics
83,music
386,business
273,politics
240,mathematics
422,music
141,theatre
218,politics
117,politics
4,theatre
235,politics
285,film/photography
125,film/photography
314,film/photography
395,theatre
164,theatre
191,theatre
479,theatre
397,film/photography
171,politics
212,music
49,theatre
439,film/photography
327,politics
239,theatre
235,film/photography
98,film/photography
378,music
129,business
28,music
388,politics
42,music
491,music
68,politics
130,politics
306,business
144,literature
49,music
482,mathematics
428,theatre
179,music
455,film/photography
336,mathematics
66,mathematics
205,literature
174,film/photography
37,film/photography
102,politics
156,music
6,film/photography
197,theatre
132,literature
325,politics
71,politics
268,literature
297,politics
428,mathematics
28,mathematics
362,literature
234,business
489,music
222,music
288,business
145,theatre
134,mathematics
392,literature
193,music
440,film/photography
270,literature
334,business
378,mathematics
246,politics
472,mathematics
25,politics
282,politics
495,politics
331,theatre
176,film/photography
354,mathematics
245,politics
95,business
429,theatre
256,film/photography
80,music
469,literature
485,business
224,mathematics
55,film/photography
192,politics
206,music
44,mathematics
315,politics
286,business
359,music
259,theatre
481,theatre
239,music
406,theatre
403,music
147,literature
418,music
30,business
351,music
447,music
172,literature
488,mathematics
284,mathematics
127,film/photography
145,literature
73,business
19,film/photography
383,mathematics
337,business
276,business
447,film/photography
379,business
407,politics
429,film/photography
163,business
30,literature
211,politics
274,mathematics
430,business
11,theatre
325,literature
318,theatre
294,theatre
382,politics
322,theatre
361,music
111,film/photography
203,theatre
316,business
26,music
418,literature
50,theatre
257,theatre
191,politics
210,mathematics
262,film/photography
312,literature
313,music
10,theatre
456,theatre
55,politics
214,theatre
38,music
116,film/photography
340,music
203,mathematics
428,literature
499,politics
311,theatre
261,mathematics
100,music
107,business
294,film/photography
150,literature
254,literature
301,theatre
192,business
18,mathematics
118,business
157,mathematics
8,politics
453,film/photography
324,theatre
380,literature
387,politics
322,politics
461,politics
360,literature
384,music
425,film/photography
167,politics
363,music
379,music
367,film/photography
374,music
88,mathematics
237,mathematics
196,mathematics
117,literature
397,theatre
440,business
476,film/photography
275,business
147,politics
104,music
76,literature
66,business
243,literature
11,music
352,film/photography
124,mathematics
366,politics
370,film/photography
334,film/photography
72,literature
181,literature
215,business
148,theatre
230,politics
113,politics
165,film/photography
92,music
60,music
360,theatre
36,business
99,literature
443,music
417,literature
168,literature
206,mathematics
131,literature
100,politics
434,mathematics
17,film/photography
271,business
112,music
322,mathematics
16,politics
222,literature
469,theatre
115,music
99,business
74,film/photography
375,mathematics
232,politics
450,theatre
306,film/photography
214,music
84,music
407,music
116,mathematics
410,literature
222,film/photography
311,mathematics
459,mathematics
35,film/photography
224,film/photography
344,literature
106,mathematics
295,film/photography
399,mathematics
409,music
493,literature
242,mathematics
325,music
416,film/photography
417,mathematics
126,music
460,film/photography
68,theatre
118,literature
15,politics
480,mathematics
190,film/photography
58,theatre
456,politics
414,literature
157,theatre
13,mathematics
193,literature
440,mathematics
326,theatre
252,mathematics
114,politics
68,business
29,theatre
335,business
467,literature
199,literature
14,film/photography
444,music
405,literature
371,business
477,theatre
284,literature
280,film/photography
105,politics
309,theatre
451,literature
189,mathematics
353,music
166,business
208,film/photography
493,politics
322,film/photography
196,business
435,music
173,mathematics
53,music
442,film/photography
47,politics
78,film/photography
308,business
69,literature
34,mathematics
398,theatre
177,music
324,music
313,literature
163,music
382,literature
234,theatre
479,mathematics
346,mathematics
375,politics
134,film/photography
252,politics
293,film/photography
244,politics
280,politics
183,politics
398,politics
16,film/photography
132,mathematics
291,theatre
135,theatre
473,mathematics
17,literature
430,mathematics
114,mathematics
359,mathematics
2,literature
291,literature
387,theatre
33,mathematics
433,music
485,mathematics
258,film/photography
6,business
310,film/photography
123,business
102,mathematics
252,music
70,literature
303,mathematics
349,politics
229,film/photography
375,film/photography
10,mathematics
37,literature
75,theatre
476,politics
100,mathematics
395,film/photography
255,theatre
470,business
136,film/photography
33,theatre
449,music
35,music
121,business
365,literature
62,mathematics
348,music
394,film/photography
223,literature
201,business
286,film/photography
434,music
176,business
346,politics
477,mathematics
161,business
368,music
117,mathematics
442,music
184,music
189,theatre
493,film/photography
152,business
77,mathematics
357,politics
310,literature
190,music
136,business
393,politics
204,business
333,politics
140,film/photography
86,business
290,film/photography
190,mathematics
384,politics
84,politics
186,film/photography
333,mathematics
206,literature
357,literature
495,literature
490,theatre
105,mathematics
250,literature
19,theatre
432,literature
193,mathematics
59,music
42,politics
464,film/photography
258,mathematics
402,literature
473,theatre
226,music
166,theatre
94,literature
232,mathematics
210,theatre
218,theatre
24,film/photography
483,theatre
176,music
88,music
285,theatre
462,literature
436,music
129,literature
436,film/photography
437,literature
433,theatre
384,business
155,theatre
366,business
161,theatre
499,mathematics
479,business
278,film/photography
444,theatre
401,theatre
295,theatre
361,film/photography
358,politics
344,business
259,politics
467,film/photography
352,music
143,music
156,business
64,theatre
227,business
171,film/photography
264,politics
233,film/photography
300,literature
451,theatre
300,theatre
141,politics
484,mathematics
54,mathematics
27,music
288,politics
154,politics
160,business
226,literature
436,theatre
242,music
404,film/photography
270,music
43,literature
70,business
173,politics
420,literature
401,music
296,music
244,film/photography
199,music
441,literature
432,theatre
173,literature
75,film/photography
373,music
204,literature
205,music
436,literature
12,business
488,film/photography
22,music
219,literature
497,politics
253,politics
421,literature
9,theatre
172,business
343,literature
38,business
169,music
55,business
116,literature
142,business
272,literature
431,politics
438,politics
104,literature
81,business
452,theatre
473,business
241,music
172,music
191,literature
240,theatre
199,mathematics
265,politics
160,theatre
68,literature
482,film/photography
430,music
317,film/photography
60,literature
371,film/photography
53,theatre
194,theatre
179,business
360,music
94,politics
276,mathematics
7,politics
367,business
256,literature
407,film/photography
26,mathematics
71,music
464,theatre
483,literature
319,film/photography
390,music
389,film/photography
353,business
152,mathematics
42,business
4,mathematics
177,theatre
367,literature
81,literature
255,politics
358,theatre
11,literature
388,mathematics
195,mathematics
299,theatre
479,literature
403,business
109,film/photography
174,business
269,music
239,literature
392,film/photography
419,mathematics
346,business
257,literature
144,business
396,mathematics
232,literature
454,film/photography
351,politics
113,mathematics
59,film/photography
78,mathematics
306,politics
142,music
165,mathematics
82,business
251,theatre
452,politics
315,theatre
131,music
406,film/photography
120,literature
231,film/photography
139,mathematics
471,mathematics
365,politics
181,music
453,music
19,mathematics
453,business
312,theatre
344,music
188,literature
54,music
61,film/photography
369,mathematics
266,politics
231,business
40,literature
372,business
415,film/photography
224,theatre
97,film/photography
200,theatre
218,music
459,theatre
415,theatre
295,literature
434,theatre
313,film/photography
237,film/photography
43,politics
270,film/photography
469,film/photography
355,business
58,film/photography
323,literature
250,business
69,theatre
390,mathematics
220,mathematics
149,film/photography
31,film/photography
302,music
462,mathematics
277,music
434,literature
350,music
487,literature
378,film/photography
332,literature
419,business
392,politics
152,politics
41,business
365,mathematics
411,literature
402,mathematics
171,literature
153,theatre
58,business
260,mathematics
15,mathematics
276,politics
424,theatre
38,mathematics
218,business
14,politics
317,theatre
154,theatre
234,mathematics
249,music
454,mathematics
182,music
197,business
23,film/photography
475,film/photography
103,politics
468,theatre
63,film/photography
111,mathematics
254,film/photography
84,mathematics
75,business
389,politics
445,literature
282,music
484,theatre
320,business
63,business
21,film/photography
26,business
398,film/photography
87,business
111,literature
388,literature
134,business
149,literature
181,film/photography
216,music
186,mathematics
414,music
15,theatre
164,music
93,mathematics
22,theatre
88,theatre
321,music
152,music
382,theatre
396,business
130,film/photography
139,theatre
277,politics
329,music
192,film/photography
463,music
423,mathematics
249,mathematics
308,literature
438,film/photography
227,theatre
16,literature
487,politics
108,business
289,music
106,theatre
342,theatre
315,literature
78,theatre
409,theatre
117,business
497,business
324,film/photography
66,music
273,film/photography
299,politics
17,business
415,mathematics
319,literature
345,business
156,literature
191,music
337,literature
410,film/photography
386,mathematics
334,literature
115,literature
315,film/photography
500,music
248,theatre
265,music
350,politics
133,business
147,music
374,business
177,politics
46,politics
119,literature
494,business
59,business
138,literature
240,politics
128,business
10,literature
406,literature
306,theatre
29,mathematics
450,film/photography
21,politics
135,business
366,mathematics
151,politics
89,mathematics
381,film/photography
243,business
285,politics
248,literature
403,literature
213,business
332,business
261,music
318,business
323,film/photography
74,politics
424,mathematics
217,business
451,business
144,music
491,literature
231,theatre
298,film/photography
54,film/photography
215,music
184,business
335,film/photography
153,music
80,mathematics
162,theatre
459,film/photography
188,theatre
229,music
358,film/photography
161,music
408,theatre
417,film/photography
350,theatre
80,film/photography
44,theatre
482,music
28,politics
266,film/photography
137,film/photography
486,film/photography
424,music
102,music
272,business
414,business
182,theatre
484,film/photography
171,theatre
374,theatre
351,literature
264,film/photography
458,literature
137,music
372,literature
491,mathematics
491,film/photography
185,politics
116,theatre
364,mathematics
157,music
194,mathematics
203,literature
18,music
444,literature
63,mathematics
122,theatre
91,theatre
446,literature
258,music
230,theatre
71,mathematics
212,mathematics
73,mathematics
129,music
472,music
290,music
170,politics
51,film/photography
209,film/photography
204,mathematics
308,mathematics
391,business
262,business
400,literature
126,mathematics
399,literature
95,politics
238,film/photography
173,music
50,literature
289,business
180,film/photography
216,mathematics
22,business
99,mathematics
353,literature
462,business
471,business
146,theatre
185,mathematics
267,film/photography
10,business
52,film/photography
225,literature
170,business
36,literature
445,music
223,film/photography
275,theatre
328,politics
420,business
282,film/photography
450,politics
364,music
395,music
8,mathematics
321,mathematics
262,mathematics
320,theatre
121,theatre
461,business
441,theatre
442,mathematics
345,film/photography
135,film/photography
404,business
248,film/photography
380,business
146,literature
273,business
247,business
49,mathematics
435,business
127,mathematics
298,politics
174,theatre
9,music
351,mathematics
394,business
258,literature
440,music
150,music
80,politics
13,film/photography
335,music
323,music
441,mathematics
148,mathematics
318,mathematics
389,music
159,film/photography
304,mathematics
202,film/photography
368,mathematics
21,literature
386,politics
478,music
52,mathematics
316,literature
372,politics
252,theatre
77,business
168,film/photography
330,film/photography
20,literature
194,music
223,politics
461,theatre
178,theatre
381,business
158,theatre
90,music
150,business
370,literature
467,theatre
349,literature
272,music
393,business
433,mathematics
298,theatre
143,film/photography
310,mathematics
101,business
300,business
151,film/photography
286,literature
229,business
236,mathematics
481,business
364,politics
213,theatre
104,business
311,literature
45,film/photography
2,mathematics
463,literature
219,theatre
284,film/photography
21,mathematics
32,film/photography
420,theatre
402,film/photography
443,theatre
268,politics
233,mathematics
40,politics
221,theatre
200,music
51,theatre
406,music
412,film/photography
468,music
72,business
187,film/photography
167,music
236,business
293,business
159,literature
124,film/photography
364,theatre
101,mathematics
208,literature
110,film/photography
292,music
223,music
101,film/photography
109,literature
74,business
400,film/photography
200,business
114,film/photography
75,mathematics
260,film/photography
264,literature
297,business
67,business
102,theatre
128,film/photography
232,film/photography
474,music
383,literature
185,literature
120,film/photography
194,business
188,business
253,literature
215,film/photography
95,theatre
269,theatre
247,politics
127,music
45,music
357,film/photography
343,theatre
5,mathematics
90,politics
18,politics
163,theatre
217,literature
277,mathematics
79,politics
289,theatre
382,business
422,politics
129,politics
261,politics
413,theatre
303,business
183,business
444,film/photography
174,politics
265,literature
13,literature
46,film/photography
401,politics
328,mathematics
44,literature
341,literature
274,politics
281,literature
404,politics
486,mathematics
429,literature
121,politics
329,mathematics
269,mathematics
373,politics
313,mathematics
446,politics
35,theatre
441,music
457,literature
354,music
500,mathematics
324,business
295,mathematics
107,mathematics
327,business
144,mathematics
73,theatre
287,literature
108,literature
66,film/photography
446,film/photography
302,politics
296,theatre
427,film/photography
422,business
4,politics
208,politics
309,business
464,music
447,literature
448,business
341,politics
250,mathematics
498,music
288,literature
329,politics
492,business
249,theatre
222,politics
244,mathematics
355,theatre
140,business
6,literature
418,business
120,theatre
175,music
233,business
154,mathematics
65,music
303,politics
408,film/photography
235,music
470,mathematics
96,mathematics
481,film/photography
217,film/photography
348,politics
283,music
326,music
500,film/photography
400,theatre
471,film/photography
211,theatre
221,film/photography
139,film/photography
181,politics
209,politics
343,music
229,theatre
365,business
46,literature
178,literature
187,politics
226,theatre
19,music
175,film/photography
307,music
496,business
246,business
268,film/photography
214,business
465,theatre
85,politics
414,politics
277,literature
498,politics
361,mathematics
337,music
41,film/photography
460,politics
47,film/photography
329,film/photography
421,mathematics
386,theatre
350,film/photography
207,mathematics
402,politics
