[{"id": 1, "name": "Petr Dillingstone", "gender": "Female", "ssn": "281-66-4039", "nationality": "Egypt", "race": "and Native Hawaiian or Other Pacific Islander", "software_engn_confidence": 41},
{"id": 2, "name": "Gerri Enterle", "gender": "Female", "ssn": "193-55-9443", "nationality": "Saudi Arabia", "race": "Black or African American", "software_engn_confidence": 76},
{"id": 3, "name": "Fitzgerald Mulbery", "gender": "Male", "ssn": "308-76-2615", "nationality": "Indonesia", "race": "Asian", "software_engn_confidence": 97},
{"id": 4, "name": "Trumaine Dodson", "gender": "Female", "ssn": "185-68-8484", "nationality": "Senegal", "race": "White", "software_engn_confidence": 92},
{"id": 5, "name": "Victoria Autry", "gender": "Male", "ssn": "542-62-4953", "nationality": "Montenegro", "race": "Asian", "software_engn_confidence": 79},
{"id": 6, "name": "Bee Glisenan", "gender": "Male", "ssn": "198-41-5015", "nationality": "South Korea", "race": "Black or African American", "software_engn_confidence": 76},
{"id": 7, "name": "Antonetta Gadaud", "gender": "Male", "ssn": "184-08-0944", "nationality": "Indonesia", "race": "Black or African American", "software_engn_confidence": 91},
{"id": 8, "name": "Ugo Bellanger", "gender": "Male", "ssn": "257-43-8975", "nationality": "Croatia", "race": "Asian", "software_engn_confidence": 68},
{"id": 9, "name": "Cobby Cauley", "gender": "Polygender", "ssn": "103-17-8677", "nationality": "Philippines", "race": "White", "software_engn_confidence": 46},
{"id": 10, "name": "Kendal Garretts", "gender": "Female", "ssn": "569-99-4590", "nationality": "Chile", "race": "Asian", "software_engn_confidence": 11},
{"id": 11, "name": "Rozanne Uridge", "gender": "Male", "ssn": "775-72-8353", "nationality": "Thailand", "race": "White", "software_engn_confidence": 11},
{"id": 12, "name": "Gregoor Huckerby", "gender": "Agender", "ssn": "646-29-9958", "nationality": "Vietnam", "race": "and Native Hawaiian or Other Pacific Islander", "software_engn_confidence": 28},
{"id": 13, "name": "Desmond Hyslop", "gender": "Female", "ssn": "187-85-1970", "nationality": "Sweden", "race": "American Indian or Alaska Native", "software_engn_confidence": 42},
{"id": 14, "name": "Fallon Sheward", "gender": "Female", "ssn": "595-08-4465", "nationality": "Philippines", "race": "and Native Hawaiian or Other Pacific Islander", "software_engn_confidence": 73},
{"id": 15, "name": "Nance Fawbert", "gender": "Male", "ssn": "629-04-5056", "nationality": "Palestinian Territory", "race": "American Indian or Alaska Native", "software_engn_confidence": 84},
{"id": 16, "name": "Darline Reily", "gender": "Male", "ssn": "887-53-2789", "nationality": "Ukraine", "race": "and Native Hawaiian or Other Pacific Islander", "software_engn_confidence": 69},
{"id": 17, "name": "Filippo McGerraghty", "gender": "Male", "ssn": "568-64-7099", "nationality": "Argentina", "race": "and Native Hawaiian or Other Pacific Islander", "software_engn_confidence": 38},
{"id": 18, "name": "Rachele Sheldon", "gender": "Bigender", "ssn": "676-62-3654", "nationality": "Mauritius", "race": "and Native Hawaiian or Other Pacific Islander", "software_engn_confidence": 53},
{"id": 19, "name": "Pamella McCudden", "gender": "Male", "ssn": "730-92-0661", "nationality": "Ukraine", "race": "American Indian or Alaska Native", "software_engn_confidence": 49},
{"id": 20, "name": "Miquela Fidgett", "gender": "Male", "ssn": "560-62-2632", "nationality": "Russia", "race": "Black or African American", "software_engn_confidence": 66},
{"id": 21, "name": "Fran Empson", "gender": "Male", "ssn": "885-05-5392", "nationality": "Brazil", "race": "Asian", "software_engn_confidence": 54},
{"id": 22, "name": "Mitch Freegard", "gender": "Bigender", "ssn": "809-39-0801", "nationality": "Indonesia", "race": "White", "software_engn_confidence": 6},
{"id": 23, "name": "Gerick Millins", "gender": "Female", "ssn": "393-27-7467", "nationality": "Uzbekistan", "race": "American Indian or Alaska Native", "software_engn_confidence": 47},
{"id": 24, "name": "Giles Shorton", "gender": "Female", "ssn": "276-38-6954", "nationality": "Spain", "race": "Asian", "software_engn_confidence": 77},
{"id": 25, "name": "Anthe Baseley", "gender": "Male", "ssn": "413-43-8402", "nationality": "Brazil", "race": "White", "software_engn_confidence": 49},
{"id": 26, "name": "Sheff Hillaby", "gender": "Male", "ssn": "644-90-1792", "nationality": "Brazil", "race": "White", "software_engn_confidence": 27},
{"id": 27, "name": "Aila Border", "gender": "Female", "ssn": "617-60-3974", "nationality": "Poland", "race": "Black or African American", "software_engn_confidence": 51},
{"id": 28, "name": "Paulita Mainds", "gender": "Male", "ssn": "759-23-0122", "nationality": "South Korea", "race": "American Indian or Alaska Native", "software_engn_confidence": 77},
{"id": 29, "name": "Mal Antonchik", "gender": "Male", "ssn": "598-11-8738", "nationality": "China", "race": "Asian", "software_engn_confidence": 66},
{"id": 30, "name": "Tasha McSporon", "gender": "Female", "ssn": "381-92-7295", "nationality": "Philippines", "race": "Black or African American", "software_engn_confidence": 15},
{"id": 31, "name": "Karolina Gronno", "gender": "Male", "ssn": "732-45-5913", "nationality": "Malta", "race": "American Indian or Alaska Native", "software_engn_confidence": 81},
{"id": 32, "name": "Free Cook", "gender": "Female", "ssn": "316-03-1559", "nationality": "Indonesia", "race": "White", "software_engn_confidence": 77},
{"id": 33, "name": "Malissia Kubat", "gender": "Female", "ssn": "126-76-3945", "nationality": "China", "race": "White", "software_engn_confidence": 98},
{"id": 34, "name": "Eleen Preto", "gender": "Male", "ssn": "760-86-3711", "nationality": "China", "race": "Asian", "software_engn_confidence": 62},
{"id": 35, "name": "Ashlin Wettern", "gender": "Male", "ssn": "647-25-3348", "nationality": "China", "race": "Black or African American", "software_engn_confidence": 60},
{"id": 36, "name": "Delia Boice", "gender": "Female", "ssn": "586-40-4668", "nationality": "Thailand", "race": "Asian", "software_engn_confidence": 14},
{"id": 37, "name": "Spenser Giannassi", "gender": "Male", "ssn": "688-86-9962", "nationality": "Georgia", "race": "White", "software_engn_confidence": 76},
{"id": 38, "name": "Anne Bruyntjes", "gender": "Male", "ssn": "863-98-1368", "nationality": "Spain", "race": "Asian", "software_engn_confidence": 45},
{"id": 39, "name": "Viola Sheirlaw", "gender": "Female", "ssn": "534-64-6497", "nationality": "China", "race": "and Native Hawaiian or Other Pacific Islander", "software_engn_confidence": 95},
{"id": 40, "name": "Kirbie Garnul", "gender": "Female", "ssn": "533-61-3001", "nationality": "China", "race": "Asian", "software_engn_confidence": 8},
{"id": 41, "name": "Melvin Arendt", "gender": "Female", "ssn": "649-86-5652", "nationality": "France", "race": "Asian", "software_engn_confidence": 30},
{"id": 42, "name": "Pamelina Couper", "gender": "Male", "ssn": "359-31-9685", "nationality": "France", "race": "Asian", "software_engn_confidence": 48},
{"id": 43, "name": "Newton Berkley", "gender": "Female", "ssn": "404-65-4197", "nationality": "China", "race": "American Indian or Alaska Native", "software_engn_confidence": 23},
{"id": 44, "name": "Alexandro Clayworth", "gender": "Female", "ssn": "103-23-9779", "nationality": "Philippines", "race": "American Indian or Alaska Native", "software_engn_confidence": 15},
{"id": 45, "name": "Olivero Brangan", "gender": "Male", "ssn": "855-62-6339", "nationality": "China", "race": "and Native Hawaiian or Other Pacific Islander", "software_engn_confidence": 19},
{"id": 46, "name": "Creigh Fike", "gender": "Male", "ssn": "331-11-0865", "nationality": "Tajikistan", "race": "Asian", "software_engn_confidence": 4},
{"id": 47, "name": "Jocelyne Wheatley", "gender": "Male", "ssn": "394-93-2196", "nationality": "China", "race": "Asian", "software_engn_confidence": 93},
{"id": 48, "name": "Rebekah Gresley", "gender": "Female", "ssn": "893-08-3432", "nationality": "China", "race": "White", "software_engn_confidence": 94},
{"id": 49, "name": "Ella Kitman", "gender": "Male", "ssn": "160-04-5061", "nationality": "Brazil", "race": "and Native Hawaiian or Other Pacific Islander", "software_engn_confidence": 14},
{"id": 50, "name": "Dannye Abramchik", "gender": "Male", "ssn": "832-82-5842", "nationality": "Brazil", "race": "and Native Hawaiian or Other Pacific Islander", "software_engn_confidence": 33},
{"id": 51, "name": "Heidie Antonias", "gender": "Female", "ssn": "575-55-6867", "nationality": "South Africa", "race": "and Native Hawaiian or Other Pacific Islander", "software_engn_confidence": 11},
{"id": 52, "name": "Lanae Petric", "gender": "Female", "ssn": "825-09-0094", "nationality": "Dominican Republic", "race": "and Native Hawaiian or Other Pacific Islander", "software_engn_confidence": 14},
{"id": 53, "name": "Farrell Ellesmere", "gender": "Female", "ssn": "494-18-2846", "nationality": "Japan", "race": "American Indian or Alaska Native", "software_engn_confidence": 96},
{"id": 54, "name": "Tore Giorgetti", "gender": "Male", "ssn": "715-95-8676", "nationality": "Poland", "race": "Asian", "software_engn_confidence": 22},
{"id": 55, "name": "Daisy Sewell", "gender": "Male", "ssn": "718-39-2516", "nationality": "Ireland", "race": "Black or African American", "software_engn_confidence": 97},
{"id": 56, "name": "Maude Sweatland", "gender": "Female", "ssn": "773-54-9217", "nationality": "Honduras", "race": "and Native Hawaiian or Other Pacific Islander", "software_engn_confidence": 82},
{"id": 57, "name": "Graig Wardle", "gender": "Female", "ssn": "653-52-2749", "nationality": "Bolivia", "race": "White", "software_engn_confidence": 80},
{"id": 58, "name": "Jack Sommerled", "gender": "Genderfluid", "ssn": "810-04-0757", "nationality": "Poland", "race": "American Indian or Alaska Native", "software_engn_confidence": 10},
{"id": 59, "name": "Jess Miettinen", "gender": "Female", "ssn": "396-31-2578", "nationality": "China", "race": "Asian", "software_engn_confidence": 94},
{"id": 60, "name": "Sibelle Slafford", "gender": "Male", "ssn": "394-16-6392", "nationality": "Vietnam", "race": "White", "software_engn_confidence": 32}]