[{"id": 1, "name": "Petr Dillingstone", "class_year": "sophomore", "years_experience": 8, "communication_style": "email", "weekly_avail_hours": 13, "meeting_style": "in person", "meeting_time": "afternoon"},
{"id": 2, "name": "Gerri Enterle", "class_year": "sophomore", "years_experience": 19, "communication_style": "zoom", "weekly_avail_hours": 19, "meeting_style": "in person", "meeting_time": "morning"},
{"id": 3, "name": "Fitzgerald Mulbery", "class_year": "freshman", "years_experience": 11, "communication_style": "text", "weekly_avail_hours": 19, "meeting_style": "in person", "meeting_time": "morning"},
{"id": 4, "name": "Trumaine Dodson", "class_year": "senior", "years_experience": 4, "communication_style": "slack", "weekly_avail_hours": 7, "meeting_style": "in person", "meeting_time": "morning"},
{"id": 5, "name": "Victoria Autry", "class_year": "sophomore", "years_experience": 5, "communication_style": "zoom", "weekly_avail_hours": 6, "meeting_style": "virtual", "meeting_time": "afternoon"},
{"id": 6, "name": "Bee Glisenan", "class_year": "sophomore", "years_experience": 4, "communication_style": "other", "weekly_avail_hours": 4, "meeting_style": "in person", "meeting_time": "night"},
{"id": 7, "name": "Antonetta Gadaud", "class_year": "freshman", "years_experience": 9, "communication_style": "text", "weekly_avail_hours": 16, "meeting_style": "virtual", "meeting_time": "morning"},
{"id": 8, "name": "Ugo Bellanger", "class_year": "sophomore", "years_experience": 6, "communication_style": "zoom", "weekly_avail_hours": 8, "meeting_style": "in person", "meeting_time": "afternoon"},
{"id": 9, "name": "Cobby Cauley", "class_year": "senior", "years_experience": 13, "communication_style": "other", "weekly_avail_hours": 20, "meeting_style": "virtual", "meeting_time": "afternoon"},
{"id": 10, "name": "Kendal Garretts", "class_year": "junior", "years_experience": 16, "communication_style": "text", "weekly_avail_hours": 5, "meeting_style": "virtual", "meeting_time": "night"},
{"id": 11, "name": "Rozanne Uridge", "class_year": "senior", "years_experience": 5, "communication_style": "zoom", "weekly_avail_hours": 19, "meeting_style": "virtual", "meeting_time": "morning"},
{"id": 12, "name": "Gregoor Huckerby", "class_year": "sophomore", "years_experience": 3, "communication_style": "other", "weekly_avail_hours": 5, "meeting_style": "virtual", "meeting_time": "afternoon"},
{"id": 13, "name": "Desmond Hyslop", "class_year": "sophomore", "years_experience": 12, "communication_style": "zoom", "weekly_avail_hours": 13, "meeting_style": "in person", "meeting_time": "night"},
{"id": 14, "name": "Fallon Sheward", "class_year": "senior", "years_experience": 6, "communication_style": "text", "weekly_avail_hours": 3, "meeting_style": "in person", "meeting_time": "afternoon"},
{"id": 15, "name": "Nance Fawbert", "class_year": "freshman", "years_experience": 14, "communication_style": "other", "weekly_avail_hours": 13, "meeting_style": "in person", "meeting_time": "morning"},
{"id": 16, "name": "Darline Reily", "class_year": "senior", "years_experience": 14, "communication_style": "other", "weekly_avail_hours": 12, "meeting_style": "hybrid", "meeting_time": "morning"},
{"id": 17, "name": "Filippo McGerraghty", "class_year": "sophomore", "years_experience": 11, "communication_style": "zoom", "weekly_avail_hours": 1, "meeting_style": "virtual", "meeting_time": "night"},
{"id": 18, "name": "Rachele Sheldon", "class_year": "junior", "years_experience": 9, "communication_style": "other", "weekly_avail_hours": 15, "meeting_style": "virtual", "meeting_time": "evening"},
{"id": 19, "name": "Pamella McCudden", "class_year": "sophomore", "years_experience": 19, "communication_style": "slack", "weekly_avail_hours": 15, "meeting_style": "in person", "meeting_time": "evening"},
{"id": 20, "name": "Miquela Fidgett", "class_year": "senior", "years_experience": 19, "communication_style": "zoom", "weekly_avail_hours": 15, "meeting_style": "in person", "meeting_time": "morning"},
{"id": 21, "name": "Fran Empson", "class_year": "senior", "years_experience": 20, "communication_style": "zoom", "weekly_avail_hours": 19, "meeting_style": "virtual", "meeting_time": "afternoon"},
{"id": 22, "name": "Mitch Freegard", "class_year": "sophomore", "years_experience": 9, "communication_style": "text", "weekly_avail_hours": 1, "meeting_style": "hybrid", "meeting_time": "morning"},
{"id": 23, "name": "Gerick Millins", "class_year": "freshman", "years_experience": 1, "communication_style": "zoom", "weekly_avail_hours": 5, "meeting_style": "in person", "meeting_time": "night"},
{"id": 24, "name": "Giles Shorton", "class_year": "senior", "years_experience": 13, "communication_style": "email", "weekly_avail_hours": 11, "meeting_style": "hybrid", "meeting_time": "evening"},
{"id": 25, "name": "Anthe Baseley", "class_year": "freshman", "years_experience": 16, "communication_style": "email", "weekly_avail_hours": 14, "meeting_style": "in person", "meeting_time": "afternoon"},
{"id": 26, "name": "Sheff Hillaby", "class_year": "sophomore", "years_experience": 19, "communication_style": "text", "weekly_avail_hours": 17, "meeting_style": "virtual", "meeting_time": "night"},
{"id": 27, "name": "Aila Border", "class_year": "senior", "years_experience": 20, "communication_style": "zoom", "weekly_avail_hours": 10, "meeting_style": "in person", "meeting_time": "night"},
{"id": 28, "name": "Paulita Mainds", "class_year": "sophomore", "years_experience": 10, "communication_style": "text", "weekly_avail_hours": 16, "meeting_style": "hybrid", "meeting_time": "night"},
{"id": 29, "name": "Mal Antonchik", "class_year": "freshman", "years_experience": 1, "communication_style": "other", "weekly_avail_hours": 14, "meeting_style": "virtual", "meeting_time": "afternoon"},
{"id": 30, "name": "Tasha McSporon", "class_year": "freshman", "years_experience": 2, "communication_style": "slack", "weekly_avail_hours": 3, "meeting_style": "virtual", "meeting_time": "night"},
{"id": 31, "name": "Karolina Gronno", "class_year": "sophomore", "years_experience": 8, "communication_style": "other", "weekly_avail_hours": 6, "meeting_style": "in person", "meeting_time": "afternoon"},
{"id": 32, "name": "Free Cook", "class_year": "junior", "years_experience": 13, "communication_style": "other", "weekly_avail_hours": 12, "meeting_style": "in person", "meeting_time": "evening"},
{"id": 33, "name": "Malissia Kubat", "class_year": "senior", "years_experience": 3, "communication_style": "slack", "weekly_avail_hours": 20, "meeting_style": "in person", "meeting_time": "evening"},
{"id": 34, "name": "Eleen Preto", "class_year": "freshman", "years_experience": 15, "communication_style": "other", "weekly_avail_hours": 17, "meeting_style": "in person", "meeting_time": "afternoon"},
{"id": 35, "name": "Ashlin Wettern", "class_year": "junior", "years_experience": 1, "communication_style": "slack", "weekly_avail_hours": 8, "meeting_style": "hybrid", "meeting_time": "evening"},
{"id": 36, "name": "Delia Boice", "class_year": "freshman", "years_experience": 15, "communication_style": "other", "weekly_avail_hours": 20, "meeting_style": "in person", "meeting_time": "morning"},
{"id": 37, "name": "Spenser Giannassi", "class_year": "senior", "years_experience": 11, "communication_style": "email", "weekly_avail_hours": 5, "meeting_style": "hybrid", "meeting_time": "evening"},
{"id": 38, "name": "Anne Bruyntjes", "class_year": "junior", "years_experience": 14, "communication_style": "other", "weekly_avail_hours": 5, "meeting_style": "virtual", "meeting_time": "morning"},
{"id": 39, "name": "Viola Sheirlaw", "class_year": "senior", "years_experience": 15, "communication_style": "other", "weekly_avail_hours": 15, "meeting_style": "virtual", "meeting_time": "night"},
{"id": 40, "name": "Kirbie Garnul", "class_year": "senior", "years_experience": 19, "communication_style": "slack", "weekly_avail_hours": 20, "meeting_style": "virtual", "meeting_time": "evening"},
{"id": 41, "name": "Melvin Arendt", "class_year": "sophomore", "years_experience": 15, "communication_style": "text", "weekly_avail_hours": 9, "meeting_style": "hybrid", "meeting_time": "morning"},
{"id": 42, "name": "Pamelina Couper", "class_year": "sophomore", "years_experience": 10, "communication_style": "email", "weekly_avail_hours": 2, "meeting_style": "hybrid", "meeting_time": "evening"},
{"id": 43, "name": "Newton Berkley", "class_year": "freshman", "years_experience": 15, "communication_style": "slack", "weekly_avail_hours": 19, "meeting_style": "in person", "meeting_time": "morning"},
{"id": 44, "name": "Alexandro Clayworth", "class_year": "senior", "years_experience": 15, "communication_style": "email", "weekly_avail_hours": 12, "meeting_style": "hybrid", "meeting_time": "night"},
{"id": 45, "name": "Olivero Brangan", "class_year": "freshman", "years_experience": 9, "communication_style": "zoom", "weekly_avail_hours": 8, "meeting_style": "virtual", "meeting_time": "morning"},
{"id": 46, "name": "Creigh Fike", "class_year": "freshman", "years_experience": 17, "communication_style": "other", "weekly_avail_hours": 13, "meeting_style": "in person", "meeting_time": "night"},
{"id": 47, "name": "Jocelyne Wheatley", "class_year": "sophomore", "years_experience": 17, "communication_style": "other", "weekly_avail_hours": 4, "meeting_style": "in person", "meeting_time": "afternoon"},
{"id": 48, "name": "Rebekah Gresley", "class_year": "sophomore", "years_experience": 2, "communication_style": "slack", "weekly_avail_hours": 20, "meeting_style": "hybrid", "meeting_time": "evening"},
{"id": 49, "name": "Ella Kitman", "class_year": "sophomore", "years_experience": 1, "communication_style": "text", "weekly_avail_hours": 13, "meeting_style": "in person", "meeting_time": "afternoon"},
{"id": 50, "name": "Dannye Abramchik", "class_year": "freshman", "years_experience": 5, "communication_style": "text", "weekly_avail_hours": 9, "meeting_style": "in person", "meeting_time": "afternoon"},
{"id": 51, "name": "Heidie Antonias", "class_year": "sophomore", "years_experience": 6, "communication_style": "slack", "weekly_avail_hours": 4, "meeting_style": "in person", "meeting_time": "night"},
{"id": 52, "name": "Lanae Petric", "class_year": "junior", "years_experience": 13, "communication_style": "text", "weekly_avail_hours": 18, "meeting_style": "in person", "meeting_time": "morning"},
{"id": 53, "name": "Farrell Ellesmere", "class_year": "sophomore", "years_experience": 1, "communication_style": "slack", "weekly_avail_hours": 5, "meeting_style": "virtual", "meeting_time": "afternoon"},
{"id": 54, "name": "Tore Giorgetti", "class_year": "junior", "years_experience": 13, "communication_style": "slack", "weekly_avail_hours": 20, "meeting_style": "in person", "meeting_time": "evening"},
{"id": 55, "name": "Daisy Sewell", "class_year": "freshman", "years_experience": 8, "communication_style": "zoom", "weekly_avail_hours": 10, "meeting_style": "in person", "meeting_time": "night"},
{"id": 56, "name": "Maude Sweatland", "class_year": "freshman", "years_experience": 11, "communication_style": "text", "weekly_avail_hours": 14, "meeting_style": "in person", "meeting_time": "evening"},
{"id": 57, "name": "Graig Wardle", "class_year": "sophomore", "years_experience": 20, "communication_style": "text", "weekly_avail_hours": 4, "meeting_style": "hybrid", "meeting_time": "morning"},
{"id": 58, "name": "Jack Sommerled", "class_year": "freshman", "years_experience": 15, "communication_style": "email", "weekly_avail_hours": 7, "meeting_style": "hybrid", "meeting_time": "night"},
{"id": 59, "name": "Jess Miettinen", "class_year": "freshman", "years_experience": 12, "communication_style": "email", "weekly_avail_hours": 19, "meeting_style": "virtual", "meeting_time": "night"},
{"id": 60, "name": "Sibelle Slafford", "class_year": "freshman", "years_experience": 2, "communication_style": "email", "weekly_avail_hours": 12, "meeting_style": "in person", "meeting_time": "night"}]